Rk,Player,Pos,Age,Tm,G,GS,MP,FG,FGA,FG%,3P,3PA,3P%,2P,2PA,2P%,eFG%,FT,FTA,FT%,ORB,DRB,TRB,AST,STL,BLK,TOV,PF,PTS,Player-additional,Year
1,Jordan Adams,SG,20,MEM,4,0,10,2,3,0.667,1,1,1.0,1,2,0.5,0.833,2,4,0.5,0,1,1,0,1,0,0,0,7,adamsjo01,2014
2,Arron Afflalo,SG,29,POR,3,3,60,2,12,0.167,1,4,0.25,1,8,0.125,0.208,0,1,0.0,0,7,7,2,0,0,3,6,5,afflaar01,2014
3,Alexis Ajinça,C,26,NOP,3,0,10,4,4,1.0,0,0,,4,4,1.0,1.0,0,0,,0,1,1,1,1,0,0,2,8,ajincal01,2014
4,LaMarcus Aldridge,PF,29,POR,5,5,208,37,112,0.33,3,11,0.273,34,101,0.337,0.344,32,36,0.889,21,35,56,9,2,12,8,16,109,aldrila01,2014
5,Tony Allen,SG,33,MEM,10,9,279,28,57,0.491,1,7,0.143,27,50,0.54,0.5,9,12,0.75,14,38,52,15,24,11,13,27,66,allento01,2014
6,Al-Farouq Aminu,SF,24,DAL,5,2,150,17,31,0.548,7,11,0.636,10,20,0.5,0.661,15,19,0.789,14,22,36,6,10,8,6,15,56,aminual01,2014
7,Alan Anderson,SG,32,BRK,6,0,142,25,41,0.61,10,16,0.625,15,25,0.6,0.732,6,9,0.667,2,19,21,7,4,1,8,9,66,anderal01,2014
8,Ryan Anderson,PF,26,NOP,4,0,95,16,36,0.444,5,12,0.417,11,24,0.458,0.514,6,6,1.0,7,10,17,9,0,2,4,12,43,anderry01,2014
9,Giannis Antetokounmpo,SG,20,MIL,6,6,201,26,71,0.366,0,1,0.0,26,70,0.371,0.366,17,23,0.739,12,30,42,16,3,9,11,18,69,antetgi01,2014
10,Pero Anti?,C,32,ATL,15,1,199,16,50,0.32,11,32,0.344,5,18,0.278,0.43,20,25,0.8,9,34,43,4,2,3,5,38,63,anticpe01,2014
11,Trevor Ariza,SF,29,HOU,17,17,655,75,176,0.426,36,96,0.375,39,80,0.488,0.528,38,42,0.905,18,91,109,44,30,2,23,51,224,arizatr01,2014
12,Ömer A??k,C,28,NOP,4,4,79,2,10,0.2,0,0,,2,10,0.2,0.2,4,7,0.571,12,17,29,6,5,0,5,10,8,asikom01,2014
13,Jeff Ayres,PF,27,SAS,3,0,12,0,1,0.0,0,0,,0,1,0.0,0.0,0,0,,0,3,3,2,0,0,0,0,0,pendeje02,2014
14,Leandro Barbosa,SG,32,GSW,21,0,229,39,88,0.443,8,23,0.348,31,65,0.477,0.489,18,22,0.818,8,19,27,18,6,1,12,24,104,barbole01,2014
15,J.J. Barea,PG,30,DAL,5,2,154,25,57,0.439,4,16,0.25,21,41,0.512,0.474,5,6,0.833,5,19,24,37,4,0,14,17,59,bareajo01,2014
16,Harrison Barnes,SF,22,GSW,21,21,681,88,200,0.44,22,62,0.355,66,138,0.478,0.495,25,34,0.735,45,65,110,32,17,11,22,45,223,barneha02,2014
17,Matt Barnes,SF,34,LAC,14,14,409,38,100,0.38,16,60,0.267,22,40,0.55,0.46,15,20,0.75,16,55,71,22,20,10,16,54,107,barnema02,2014
18,Brandon Bass,PF,29,BOS,4,4,86,7,20,0.35,0,0,,7,20,0.35,0.35,6,10,0.6,3,5,8,10,1,3,3,4,20,bassbr01,2014
19,Nicolas Batum,SF,26,POR,5,5,209,24,70,0.343,13,39,0.333,11,31,0.355,0.436,10,13,0.769,6,37,43,26,1,1,12,11,71,batumni01,2014
20,Jerryd Bayless,PG,26,MIL,6,0,120,12,35,0.343,2,7,0.286,10,28,0.357,0.371,13,17,0.765,4,11,15,18,2,2,4,12,39,bayleje01,2014
21,Aron Baynes,C,28,SAS,4,0,40,3,10,0.3,0,0,,3,10,0.3,0.3,3,3,1.0,3,7,10,1,0,0,3,9,9,baynear01,2014
22,Kent Bazemore,SG,25,ATL,16,2,303,30,71,0.423,6,28,0.214,24,43,0.558,0.465,21,31,0.677,3,50,53,13,11,9,11,25,87,bazemke01,2014
23,Bradley Beal,SG,21,WAS,10,10,418,81,200,0.405,23,63,0.365,58,137,0.423,0.463,49,59,0.831,14,41,55,46,16,7,26,19,234,bealbr01,2014
24,Marco Belinelli,SG,28,SAS,7,0,116,20,39,0.513,14,30,0.467,6,9,0.667,0.692,11,13,0.846,2,11,13,10,2,0,5,10,65,belinma01,2014
25,Steve Blake,PG,34,POR,5,0,43,2,11,0.182,1,8,0.125,1,3,0.333,0.227,2,2,1.0,0,1,1,8,0,1,2,4,7,blakest01,2014
26,Bojan Bogdanovi?,SF,25,BRK,6,5,206,23,59,0.39,11,33,0.333,12,26,0.462,0.483,5,7,0.714,3,20,23,10,4,2,8,12,62,bogdabo02,2014
27,Andrew Bogut,C,30,GSW,19,18,440,42,75,0.56,0,1,0.0,42,74,0.568,0.56,5,13,0.385,41,112,153,36,11,34,26,69,89,bogutan01,2014
28,Matt Bonner,PF,34,SAS,7,0,36,2,10,0.2,2,9,0.222,0,1,0.0,0.3,0,0,,0,6,6,1,0,1,1,8,6,bonnema01,2014
29,Avery Bradley,SG,24,BOS,4,4,133,19,50,0.38,5,19,0.263,14,31,0.452,0.43,6,7,0.857,3,12,15,3,3,0,3,13,49,bradlav01,2014
30,Elton Brand,C,35,ATL,3,0,4,0,1,0.0,0,0,,0,1,0.0,0.0,1,2,0.5,0,1,1,0,0,0,0,3,1,brandel01,2014
31,Corey Brewer,SF,28,HOU,17,0,428,72,167,0.431,12,42,0.286,60,125,0.48,0.467,35,55,0.636,11,36,47,19,11,4,15,48,191,breweco01,2014
32,Aaron Brooks,PG,30,CHI,12,0,132,21,61,0.344,8,26,0.308,13,35,0.371,0.41,4,7,0.571,3,15,18,11,3,1,9,16,54,brookaa01,2014
33,Markel Brown,SG,23,BRK,2,1,10,2,5,0.4,0,2,0.0,2,3,0.667,0.4,2,2,1.0,2,0,2,1,0,0,2,0,6,brownma02,2014
34,Jimmy Butler,SG,25,CHI,12,12,506,94,213,0.441,28,72,0.389,66,141,0.468,0.507,59,72,0.819,18,49,67,38,29,9,21,27,275,butleji01,2014
35,Rasual Butler,SF,35,WAS,2,0,7,0,1,0.0,0,1,0.0,0,0,,0.0,0,0,,0,1,1,1,0,0,0,2,0,butlera01,2014
36,Will Bynum,SG,32,WAS,3,0,31,7,14,0.5,1,2,0.5,6,12,0.5,0.536,4,5,0.8,2,1,3,3,2,1,5,6,19,bynumwi01,2014
37,Nick Calathes,SG,25,MEM,9,3,126,12,36,0.333,6,13,0.462,6,23,0.261,0.417,3,8,0.375,1,15,16,16,9,1,10,15,33,calatni01,2014
38,Clint Capela,C,20,HOU,17,0,127,21,31,0.677,0,0,,21,31,0.677,0.677,15,29,0.517,13,29,42,5,3,9,3,19,57,capelca01,2014
39,DeMarre Carroll,SF,28,ATL,16,16,558,86,177,0.486,29,72,0.403,57,105,0.543,0.568,32,41,0.78,26,71,97,32,18,5,15,36,233,carrode01,2014
40,Vince Carter,SG,38,MEM,11,0,196,27,67,0.403,7,28,0.25,20,39,0.513,0.455,8,9,0.889,13,34,47,11,7,2,7,17,69,cartevi01,2014
41,Michael Carter-Williams,PG,23,MIL,6,6,191,33,78,0.423,0,5,0.0,33,73,0.452,0.423,7,12,0.583,1,26,27,29,7,6,16,14,73,cartemi01,2014
42,Tyson Chandler,C,32,DAL,5,5,160,19,29,0.655,0,0,,19,29,0.655,0.655,13,26,0.5,27,27,54,1,3,6,5,16,51,chandty01,2014
43,Earl Clark,PF,27,BRK,2,0,13,2,10,0.2,2,3,0.667,0,7,0.0,0.3,0,0,,0,2,2,0,1,0,0,1,6,clarkea01,2014
44,Norris Cole,PG,26,NOP,4,0,106,15,36,0.417,3,14,0.214,12,22,0.545,0.458,2,3,0.667,1,6,7,7,0,1,8,15,35,coleno01,2014
45,Mike Conley,PG,27,MEM,8,8,243,41,96,0.427,10,33,0.303,31,63,0.492,0.479,23,28,0.821,0,9,9,40,11,0,12,10,115,conlemi01,2014
46,Allen Crabbe,SG,22,POR,2,1,39,4,5,0.8,2,2,1.0,2,3,0.667,1.0,0,0,,0,3,3,1,2,1,1,1,10,crabbal01,2014
47,Jamal Crawford,SG,34,LAC,14,0,379,67,186,0.36,18,74,0.243,49,112,0.438,0.409,26,30,0.867,6,24,30,27,13,3,17,34,178,crawfja01,2014
48,Jae Crowder,SF,24,BOS,4,1,100,15,29,0.517,3,10,0.3,12,19,0.632,0.569,10,13,0.769,8,12,20,8,4,3,5,14,43,crowdja01,2014
49,Dante Cunningham,PF,27,NOP,4,0,75,9,11,0.818,0,0,,9,11,0.818,0.818,3,3,1.0,4,14,18,2,3,4,0,7,21,cunnida01,2014
50,Stephen Curry,PG,26,GSW,21,21,826,200,439,0.456,98,232,0.422,102,207,0.493,0.567,96,115,0.835,20,85,105,134,39,3,82,47,594,curryst01,2014
51,Gigi Datome,SF,27,BOS,3,0,14,2,6,0.333,0,2,0.0,2,4,0.5,0.333,0,0,,0,1,1,1,0,0,0,4,4,datomlu01,2014
52,Anthony Davis,PF,21,NOP,4,4,172,47,87,0.54,0,2,0.0,47,85,0.553,0.54,32,36,0.889,9,35,44,8,5,12,13,12,126,davisan02,2014
53,Glen Davis,PF,29,LAC,14,0,144,17,38,0.447,0,1,0.0,17,37,0.459,0.447,7,9,0.778,9,18,27,3,5,5,9,33,41,davisgl01,2014
54,Matthew Dellavedova,SG,24,CLE,20,7,497,47,136,0.346,24,76,0.316,23,60,0.383,0.434,25,32,0.781,10,31,41,53,9,0,35,52,143,dellama01,2014
55,DeMar DeRozan,SG,25,TOR,4,4,159,32,80,0.4,3,8,0.375,29,72,0.403,0.419,14,17,0.824,5,20,25,23,6,0,10,12,81,derozde01,2014
56,Boris Diaw,PF,32,SAS,7,0,198,34,71,0.479,4,18,0.222,30,53,0.566,0.507,9,13,0.692,13,30,43,25,5,3,9,24,81,diawbo01,2014
57,Joey Dorsey,PF,31,HOU,6,0,13,0,2,0.0,0,0,,0,2,0.0,0.0,1,2,0.5,1,3,4,2,0,0,1,2,1,dorsejo01,2014
58,Jared Dudley,SG,29,MIL,6,0,110,14,30,0.467,8,14,0.571,6,16,0.375,0.6,4,7,0.571,3,8,11,8,12,2,5,12,40,dudleja01,2014
59,Tim Duncan*,C,38,SAS,7,7,250,53,90,0.589,0,1,0.0,53,89,0.596,0.589,19,34,0.559,19,59,78,23,9,10,7,26,125,duncati01,2014
60,Mike Dunleavy,SF,34,CHI,12,12,389,43,88,0.489,27,56,0.482,16,32,0.5,0.642,18,19,0.947,7,41,48,31,10,5,15,31,131,dunlemi02,2014
61,Monta Ellis,SG,29,DAL,5,5,197,52,111,0.468,11,30,0.367,41,81,0.506,0.518,15,20,0.75,4,12,16,26,10,3,16,18,130,ellismo01,2014
62,Tyler Ennis,PG,20,MIL,1,0,16,2,9,0.222,1,5,0.2,1,4,0.25,0.278,0,0,,3,1,4,3,0,0,0,1,5,ennisty01,2014
63,Tyreke Evans,SG,25,NOP,4,4,125,14,43,0.326,2,11,0.182,12,32,0.375,0.349,10,17,0.588,3,17,20,20,5,1,6,10,40,evansty01,2014
64,Festus Ezeli,C,25,GSW,20,0,183,27,50,0.54,0,0,,27,50,0.54,0.54,16,29,0.552,24,38,62,6,1,10,12,25,70,ezelife01,2014
65,Raymond Felton,PG,30,DAL,3,1,36,4,15,0.267,0,4,0.0,4,11,0.364,0.267,3,3,1.0,1,6,7,4,0,0,0,1,11,feltora01,2014
66,Tim Frazier,PG,24,POR,2,0,3,0,1,0.0,0,0,,0,1,0.0,0.0,0,0,,0,0,0,0,0,0,1,0,0,fraziti01,2014
67,Joel Freeland,C,27,POR,2,0,7,0,0,,0,0,,0,0,,,0,0,,0,1,1,0,1,0,0,0,0,freeljo01,2014
68,Marc Gasol,C,30,MEM,11,11,416,71,180,0.394,0,2,0.0,71,178,0.399,0.394,75,88,0.852,19,94,113,49,10,19,16,33,217,gasolma01,2014
69,Pau Gasol,PF,34,CHI,10,10,317,56,115,0.487,0,4,0.0,56,111,0.505,0.487,32,42,0.762,17,77,94,31,5,21,21,18,144,gasolpa01,2014
70,Alonzo Gee,SF,27,POR,1,0,3,0,0,,0,0,,0,0,,,0,0,,0,1,1,1,0,0,0,0,0,geeal01,2014
71,Taj Gibson,PF,29,CHI,12,2,276,34,72,0.472,0,0,,34,72,0.472,0.472,21,30,0.7,25,41,66,12,4,12,11,25,89,gibsota01,2014
72,Manu Ginóbili*,SG,37,SAS,7,0,131,15,43,0.349,8,22,0.364,7,21,0.333,0.442,18,23,0.783,4,20,24,32,4,6,14,19,56,ginobma01,2014
73,Drew Gooden,PF,33,WAS,10,0,178,23,61,0.377,12,26,0.462,11,35,0.314,0.475,10,13,0.769,13,42,55,8,2,10,14,21,68,goodedr01,2014
74,Eric Gordon,SG,26,NOP,4,4,143,28,64,0.438,13,32,0.406,15,32,0.469,0.539,5,6,0.833,3,7,10,15,2,2,10,11,74,gordoer01,2014
75,Marcin Gortat,C,30,WAS,10,10,307,54,86,0.628,0,0,,54,86,0.628,0.628,16,24,0.667,27,61,88,22,6,11,16,29,124,gortama01,2014
76,Danny Green,SG,27,SAS,7,7,204,21,61,0.344,12,40,0.3,9,21,0.429,0.443,4,6,0.667,7,15,22,15,7,7,5,12,58,greenda02,2014
77,Draymond Green,PF,24,GSW,21,21,784,100,240,0.417,24,91,0.264,76,149,0.51,0.467,64,87,0.736,46,166,212,109,38,25,58,89,288,greendr01,2014
78,JaMychal Green,PF,24,MEM,5,0,8,0,2,0.0,0,1,0.0,0,1,0.0,0.0,2,2,1.0,0,3,3,0,1,1,0,1,2,greenja01,2014
79,Jeff Green,SF,28,MEM,11,2,298,36,108,0.333,4,18,0.222,32,90,0.356,0.352,22,26,0.846,9,43,52,19,5,5,16,18,98,greenje02,2014
80,Blake Griffin,PF,25,LAC,14,14,557,140,274,0.511,1,7,0.143,139,267,0.521,0.513,76,106,0.717,38,140,178,86,14,14,45,43,357,griffbl01,2014
81,Jorge Gutiérrez,PG,26,MIL,1,0,12,1,2,0.5,0,0,,1,2,0.5,0.5,0,0,,0,1,1,1,0,0,0,1,2,gutiejo01,2014
82,Tyler Hansbrough,PF,29,TOR,4,2,48,1,5,0.2,0,0,,1,5,0.2,0.2,3,4,0.75,1,5,6,3,2,1,2,8,5,hansbty01,2014
83,James Harden,SG,25,HOU,17,17,636,129,294,0.439,41,107,0.383,88,187,0.471,0.509,163,178,0.916,12,85,97,128,28,7,77,49,462,hardeja01,2014
84,Devin Harris,PG,31,DAL,4,0,74,8,23,0.348,0,11,0.0,8,12,0.667,0.348,8,9,0.889,1,7,8,4,2,0,4,10,24,harride01,2014
85,Joe Harris,SG,23,CLE,6,0,16,2,6,0.333,1,3,0.333,1,3,0.333,0.417,3,4,0.75,0,1,1,1,0,0,1,1,8,harrijo01,2014
86,Spencer Hawes,PF,26,LAC,8,0,57,9,17,0.529,3,6,0.5,6,11,0.545,0.618,2,2,1.0,3,10,13,5,2,3,1,12,23,hawessp01,2014
87,Brendan Haywood,C,35,CLE,1,0,2,0,1,0.0,0,0,,0,1,0.0,0.0,0,0,,0,0,0,0,0,0,0,0,0,haywobr01,2014
88,John Henson,C,24,MIL,6,0,153,24,41,0.585,0,1,0.0,24,40,0.6,0.585,5,14,0.357,21,27,48,4,5,10,11,14,53,hensojo01,2014
89,Nenê,PF,32,WAS,10,10,257,34,76,0.447,0,0,,34,76,0.447,0.447,11,23,0.478,25,41,66,15,9,3,14,32,79,hilarne01,2014
90,Kirk Hinrich,SG,34,CHI,10,0,126,9,19,0.474,6,10,0.6,3,9,0.333,0.632,2,3,0.667,0,5,5,11,3,1,1,14,26,hinriki01,2014
91,Jrue Holiday,PG,24,NOP,3,0,55,7,19,0.368,1,4,0.25,6,15,0.4,0.395,4,4,1.0,2,1,3,13,2,1,5,3,19,holidjr01,2014
92,Justin Holiday,SG,25,GSW,5,0,11,1,2,0.5,1,1,1.0,0,1,0.0,0.75,0,0,,0,1,1,1,0,0,2,1,3,holidju01,2014
93,Al Horford,C,28,ATL,16,16,522,107,211,0.507,2,9,0.222,105,202,0.52,0.512,15,20,0.75,40,98,138,59,13,23,25,34,231,horfoal01,2014
94,Dwight Howard,C,29,HOU,17,17,574,105,182,0.577,0,0,,105,182,0.577,0.577,68,165,0.412,62,176,238,20,23,39,37,60,278,howardw01,2014
95,Lester Hudson,SG,30,LAC,7,0,38,6,14,0.429,2,7,0.286,4,7,0.571,0.5,0,0,,0,1,1,7,2,1,3,8,14,hudsole01,2014
96,Kris Humphries,PF,29,WAS,1,0,5,1,1,1.0,0,0,,1,1,1.0,1.0,0,0,,0,3,3,0,0,0,0,1,2,humphkr01,2014
97,Andre Iguodala,SF,31,GSW,21,3,635,81,171,0.474,29,82,0.354,52,89,0.584,0.558,27,65,0.415,16,78,94,75,25,7,14,42,218,iguodan01,2014
98,Ersan ?lyasova,PF,27,MIL,6,6,142,20,61,0.328,5,23,0.217,15,38,0.395,0.369,7,10,0.7,6,17,23,3,5,3,5,10,52,ilyaser01,2014
99,Kyrie Irving,PG,22,CLE,13,13,464,81,185,0.438,27,60,0.45,54,125,0.432,0.511,58,69,0.841,10,37,47,50,17,11,20,29,247,irvinky01,2014
100,Jarrett Jack,PG,31,BRK,6,0,153,28,54,0.519,5,15,0.333,23,39,0.59,0.565,13,13,1.0,2,23,25,27,7,1,20,14,74,jackja01,2014
101,Bernard James,C,29,DAL,1,0,2,0,0,,0,0,,0,0,,,0,0,,0,0,0,0,0,0,0,0,0,jamesbe01,2014
102,LeBron James,SF,30,CLE,20,20,844,227,544,0.417,25,110,0.227,202,434,0.465,0.44,122,167,0.731,37,189,226,169,33,21,82,58,601,jamesle01,2014
103,Richard Jefferson,SF,34,DAL,4,2,51,5,14,0.357,3,8,0.375,2,6,0.333,0.464,2,2,1.0,0,2,2,1,2,0,3,9,15,jefferi01,2014
104,John Jenkins,SG,23,ATL,4,0,21,4,6,0.667,2,4,0.5,2,2,1.0,0.833,0,0,,1,2,3,0,0,0,0,2,10,jenkijo01,2014
105,Jonas Jerebko,PF,27,BOS,4,0,68,5,15,0.333,0,4,0.0,5,11,0.455,0.333,1,2,0.5,4,10,14,1,2,1,3,9,11,jerebjo01,2014
106,Amir Johnson,PF,27,TOR,4,2,112,20,29,0.69,0,1,0.0,20,28,0.714,0.69,6,12,0.5,7,21,28,4,1,3,7,16,46,johnsam01,2014
107,James Johnson,PF,27,TOR,2,0,12,2,6,0.333,0,0,,2,6,0.333,0.333,0,6,0.0,0,2,2,1,0,0,0,0,4,johnsja01,2014
108,Joe Johnson,SG,33,BRK,6,6,249,34,94,0.362,12,41,0.293,22,53,0.415,0.426,19,24,0.792,5,41,46,29,7,0,5,16,99,johnsjo02,2014
109,Nick Johnson,SG,22,HOU,9,0,49,4,17,0.235,1,7,0.143,3,10,0.3,0.265,3,3,1.0,1,3,4,4,0,1,4,7,12,johnsni01,2014
110,Dahntay Jones,SF,34,LAC,11,0,18,2,2,1.0,0,0,,2,2,1.0,1.0,0,0,,0,1,1,0,2,0,0,7,4,jonesda02,2014
111,James Jones,SF,34,CLE,20,0,311,26,75,0.347,22,64,0.344,4,11,0.364,0.493,13,14,0.929,1,28,29,9,8,3,5,42,87,jonesja02,2014
112,Terrence Jones,PF,23,HOU,17,9,401,67,159,0.421,3,19,0.158,64,140,0.457,0.431,36,54,0.667,29,52,81,17,8,12,16,31,173,joneste01,2014
113,DeAndre Jordan,C,26,LAC,14,14,482,58,81,0.716,0,0,,58,81,0.716,0.716,67,157,0.427,49,138,187,16,16,33,17,42,183,jordade01,2014
114,Jerome Jordan,C,28,BRK,1,0,5,0,2,0.0,0,0,,0,2,0.0,0.0,0,0,,1,1,2,0,0,0,1,0,0,jordaje01,2014
115,Cory Joseph,PG,23,SAS,4,0,22,5,6,0.833,0,0,,5,6,0.833,0.833,1,2,0.5,0,1,1,0,0,1,1,2,11,josepco01,2014
116,Chris Kaman,C,32,POR,3,0,37,4,8,0.5,0,0,,4,8,0.5,0.5,1,1,1.0,5,9,14,3,0,0,3,5,9,kamanch01,2014
117,Kyle Korver,SG,33,ATL,14,14,526,52,133,0.391,39,110,0.355,13,23,0.565,0.538,13,16,0.813,1,69,70,33,20,15,21,27,156,korveky01,2014
118,Kosta Koufos,C,25,MEM,11,0,127,17,31,0.548,0,0,,17,31,0.548,0.548,3,5,0.6,19,20,39,4,4,6,1,14,37,koufoko01,2014
119,Courtney Lee,SG,29,MEM,11,11,367,55,100,0.55,14,30,0.467,41,70,0.586,0.62,22,23,0.957,3,25,28,24,12,0,13,24,146,leeco01,2014
120,David Lee,PF,31,GSW,13,0,107,16,40,0.4,0,0,,16,40,0.4,0.4,8,15,0.533,11,23,34,8,3,2,2,17,40,leeda02,2014
121,Kawhi Leonard,SF,23,SAS,7,7,250,52,109,0.477,11,26,0.423,41,83,0.494,0.528,27,35,0.771,13,39,52,18,8,4,15,18,142,leonaka01,2014
122,Meyers Leonard,C,22,POR,5,0,106,14,21,0.667,10,13,0.769,4,8,0.5,0.905,1,2,0.5,6,27,33,5,2,2,3,17,39,leoname01,2014
123,Jon Leuer,PF,25,MEM,4,0,9,2,4,0.5,0,0,,2,4,0.5,0.5,0,0,,2,3,5,0,0,0,0,1,4,leuerjo01,2014
124,Damian Lillard,PG,24,POR,5,5,201,39,96,0.406,5,31,0.161,34,65,0.523,0.432,25,32,0.781,2,18,20,23,2,3,12,15,108,lillada01,2014
125,Shaun Livingston,PG,29,GSW,21,0,375,42,79,0.532,0,1,0.0,42,78,0.538,0.532,21,25,0.84,13,38,51,38,8,5,21,32,105,livinsh01,2014
126,Brook Lopez,C,26,BRK,6,6,234,43,87,0.494,0,0,,43,87,0.494,0.494,33,40,0.825,20,34,54,5,4,13,6,18,119,lopezbr01,2014
127,Robin Lopez,C,26,POR,5,5,117,9,15,0.6,0,0,,9,15,0.6,0.6,8,8,1.0,9,13,22,3,1,5,5,15,26,lopezro01,2014
128,Kevin Love,PF,26,CLE,4,4,107,17,41,0.415,9,21,0.429,8,20,0.4,0.524,14,19,0.737,6,22,28,10,1,2,6,12,57,loveke01,2014
129,Kyle Lowry,PG,28,TOR,4,4,131,18,57,0.316,5,23,0.217,13,34,0.382,0.36,8,11,0.727,7,15,22,19,5,0,12,18,49,lowryky01,2014
130,Shelvin Mack,PG,24,ATL,10,0,99,15,39,0.385,6,21,0.286,9,18,0.5,0.462,3,6,0.5,2,9,11,10,8,0,2,7,39,macksh01,2014
131,Shawn Marion,SF,36,CLE,6,0,25,1,6,0.167,0,0,,1,6,0.167,0.167,0,0,,2,4,6,1,2,0,0,1,2,mariosh01,2014
132,O.J. Mayo,SG,27,MIL,6,0,156,18,54,0.333,6,19,0.316,12,35,0.343,0.389,12,12,1.0,1,19,20,18,7,1,9,14,54,mayooj01,2014
133,James Michael McAdoo,PF,22,GSW,5,0,10,2,3,0.667,0,0,,2,3,0.667,0.667,0,0,,1,3,4,0,0,1,1,0,4,mcadoja01,2014
134,CJ McCollum,SG,23,POR,5,1,166,32,67,0.478,11,23,0.478,21,44,0.477,0.56,10,13,0.769,1,19,20,2,6,1,6,13,85,mccolcj01,2014
135,Doug McDermott,SF,23,CHI,3,0,10,1,3,0.333,1,2,0.5,0,1,0.0,0.5,2,2,1.0,1,1,2,1,0,0,1,0,5,mcderdo01,2014
136,Khris Middleton,SF,23,MIL,6,6,232,35,92,0.38,11,34,0.324,24,58,0.414,0.44,14,15,0.933,7,15,22,12,14,3,10,14,95,middlkh01,2014
137,Mike Miller,SF,34,CLE,9,1,65,3,5,0.6,3,5,0.6,0,0,,0.9,0,0,,0,10,10,0,1,1,1,6,9,millemi01,2014
138,Patty Mills,PG,26,SAS,7,0,112,21,42,0.5,16,28,0.571,5,14,0.357,0.69,13,13,1.0,4,15,19,8,2,0,5,15,71,millspa02,2014
139,Paul Millsap,PF,29,ATL,16,15,566,85,209,0.407,15,49,0.306,70,160,0.438,0.443,58,78,0.744,36,103,139,55,25,14,34,52,243,millspa01,2014
140,Nikola Miroti?,PF,23,CHI,11,0,164,20,66,0.303,7,30,0.233,13,36,0.361,0.356,16,20,0.8,7,23,30,9,6,6,8,22,63,mirotni01,2014
141,Nazr Mohammed,C,37,CHI,3,0,14,2,7,0.286,0,1,0.0,2,6,0.333,0.286,0,0,,3,2,5,0,0,1,0,0,4,mohamna01,2014
142,E'Twaun Moore,SG,25,CHI,3,0,9,2,6,0.333,1,1,1.0,1,5,0.2,0.417,0,0,,0,3,3,0,2,0,0,1,5,mooreet01,2014
143,Darius Morris,PG,24,BRK,1,0,5,0,1,0.0,0,0,,0,1,0.0,0.0,0,0,,0,0,0,0,0,0,0,0,0,morrida01,2014
144,Timofey Mozgov,C,28,CLE,20,20,529,74,148,0.5,0,0,,74,148,0.5,0.5,64,81,0.79,57,89,146,13,8,36,37,57,212,mozgoti01,2014
145,Mike Muscala,PF,23,ATL,10,0,102,20,33,0.606,2,8,0.25,18,25,0.72,0.636,0,0,,8,10,18,1,1,3,4,13,42,muscami01,2014
146,Joakim Noah,C,29,CHI,12,12,395,31,76,0.408,0,0,,31,76,0.408,0.408,7,20,0.35,45,87,132,38,10,14,20,37,69,noahjo01,2014
147,Dirk Nowitzki,PF,36,DAL,5,5,181,38,84,0.452,4,17,0.235,34,67,0.507,0.476,26,28,0.929,4,48,52,12,2,2,10,16,106,nowitdi01,2014
148,Johnny O'Bryant,PF,21,MIL,1,0,12,3,8,0.375,0,0,,3,8,0.375,0.375,0,0,,1,2,3,0,0,0,0,1,6,obryajo01,2014
149,Kelly Olynyk,C,23,BOS,4,0,53,7,13,0.538,3,6,0.5,4,7,0.571,0.654,1,2,0.5,2,3,5,2,2,2,4,12,18,olynyke01,2014
150,Zaza Pachulia,C,30,MIL,6,6,129,16,40,0.4,0,0,,16,40,0.4,0.4,8,13,0.615,11,29,40,9,10,3,5,15,40,pachuza01,2014
151,Kostas Papanikolaou,SF,24,HOU,8,0,21,1,4,0.25,0,3,0.0,1,1,1.0,0.25,1,2,0.5,0,2,2,0,0,0,5,4,3,papanko01,2014
152,Tony Parker,PG,32,SAS,7,7,210,33,91,0.363,0,9,0.0,33,82,0.402,0.363,10,17,0.588,4,19,23,25,2,0,11,14,76,parketo01,2014
153,Chandler Parsons,SF,26,DAL,1,1,37,5,15,0.333,0,4,0.0,5,11,0.455,0.333,0,0,,0,6,6,2,0,0,1,1,10,parsoch01,2014
154,Patrick Patterson,PF,25,TOR,4,0,106,15,27,0.556,7,15,0.467,8,12,0.667,0.685,4,4,1.0,4,10,14,5,3,0,3,5,41,pattepa01,2014
155,Chris Paul,PG,29,LAC,12,12,445,95,189,0.503,27,65,0.415,68,124,0.548,0.574,48,51,0.941,7,46,53,105,22,3,26,37,265,paulch01,2014
156,Kendrick Perkins,C,30,CLE,8,0,33,2,8,0.25,0,0,,2,8,0.25,0.25,6,10,0.6,2,7,9,0,0,3,4,6,10,perkike01,2014
157,Paul Pierce*,SF,37,WAS,10,10,298,48,99,0.485,33,63,0.524,15,36,0.417,0.652,17,20,0.85,0,42,42,9,6,7,10,33,146,piercpa01,2014
158,Mason Plumlee,C,24,BRK,6,0,49,4,6,0.667,0,0,,4,6,0.667,0.667,4,11,0.364,2,6,8,2,4,2,3,10,12,plumlma01,2014
159,Miles Plumlee,C,26,MIL,1,0,16,1,8,0.125,0,0,,1,8,0.125,0.125,1,2,0.5,3,3,6,1,0,1,1,1,3,plumlmi01,2014
160,Quincy Pondexter,SF,26,NOP,4,4,124,10,28,0.357,3,10,0.3,7,18,0.389,0.411,6,7,0.857,3,17,20,12,7,0,1,13,29,pondequ01,2014
161,Otto Porter Jr.,SF,21,WAS,10,0,331,39,88,0.443,12,32,0.375,27,56,0.482,0.511,10,21,0.476,24,56,80,18,12,2,6,16,100,porteot01,2014
162,Dwight Powell,PF,23,DAL,2,0,3,0,1,0.0,0,0,,0,1,0.0,0.0,0,0,,0,1,1,1,0,0,0,1,0,poweldw01,2014
163,Phil Pressey,PG,23,BOS,2,0,5,0,3,0.0,0,1,0.0,0,2,0.0,0.0,0,0,,1,0,1,0,0,1,0,1,0,pressph01,2014
164,Pablo Prigioni,PG,37,HOU,17,0,293,19,57,0.333,12,41,0.293,7,16,0.438,0.439,3,4,0.75,6,13,19,39,15,0,12,40,53,prigipa01,2014
165,Zach Randolph,PF,33,MEM,11,11,382,71,168,0.423,1,5,0.2,70,163,0.429,0.426,29,33,0.879,32,61,93,23,6,0,23,37,172,randoza01,2014
166,J.J. Redick,SG,30,LAC,14,14,540,70,161,0.435,35,88,0.398,35,73,0.479,0.543,33,35,0.943,0,30,30,24,10,5,26,36,208,redicjj01,2014
167,Austin Rivers,PG,22,LAC,14,2,250,46,105,0.438,13,35,0.371,33,70,0.471,0.5,12,19,0.632,6,18,24,16,10,4,12,28,117,riverau01,2014
168,Rajon Rondo,PG,28,DAL,2,2,37,9,20,0.45,1,2,0.5,8,18,0.444,0.475,0,0,,1,1,2,6,0,0,2,6,19,rondora01,2014
169,Derrick Rose,PG,26,CHI,12,12,454,93,235,0.396,23,66,0.348,70,169,0.414,0.445,35,39,0.897,13,45,58,78,14,6,38,22,244,rosede01,2014
170,Terrence Ross,SF,23,TOR,4,4,107,11,29,0.379,6,18,0.333,5,11,0.455,0.483,0,0,,0,6,6,4,3,4,2,10,28,rosste01,2014
171,Brandon Rush,SG,29,GSW,3,0,7,1,6,0.167,1,2,0.5,0,4,0.0,0.25,0,0,,1,2,3,0,0,0,0,2,3,rushbr01,2014
172,Dennis Schröder,PG,21,ATL,16,0,290,56,145,0.386,8,34,0.235,48,111,0.432,0.414,24,28,0.857,5,24,29,62,9,0,27,28,144,schrode01,2014
173,Mike Scott,PF,26,ATL,11,0,172,21,55,0.382,4,26,0.154,17,29,0.586,0.418,4,4,1.0,16,30,46,5,5,0,7,16,50,scottmi01,2014
174,Kevin Séraphin,C,25,WAS,6,0,72,15,31,0.484,0,0,,15,31,0.484,0.484,3,6,0.5,3,16,19,2,2,1,4,10,33,serapke01,2014
175,Ramon Sessions,PG,28,WAS,10,3,218,26,70,0.371,10,25,0.4,16,45,0.356,0.443,13,19,0.684,2,22,24,23,4,1,10,14,75,sessira01,2014
176,Iman Shumpert,SG,24,CLE,20,16,695,59,164,0.36,33,93,0.355,26,71,0.366,0.46,30,40,0.75,23,75,98,23,25,16,13,50,181,shumpim01,2014
177,Marcus Smart,PG,20,BOS,4,3,90,14,29,0.483,3,13,0.231,11,16,0.688,0.534,8,15,0.533,5,6,11,5,1,1,4,12,39,smartma01,2014
178,Greg Smith,PF,24,DAL,1,0,1,0,0,,0,0,,0,0,,,0,0,,0,0,0,0,0,0,0,0,0,smithgr02,2014
179,J.R. Smith,SG,29,CLE,18,4,560,83,206,0.403,51,142,0.359,32,64,0.5,0.527,14,20,0.7,9,76,85,22,17,10,15,54,231,smithjr01,2014
180,Josh Smith,PF,29,HOU,17,8,396,85,194,0.438,27,71,0.38,58,123,0.472,0.508,32,74,0.432,26,70,96,46,9,17,38,41,229,smithjo03,2014
181,Russ Smith,PG,23,MEM,2,0,3,0,0,,0,0,,0,0,,,0,0,,0,0,0,2,0,0,0,0,0,smithru01,2014
182,Tony Snell,SF,23,CHI,11,0,140,15,44,0.341,9,27,0.333,6,17,0.353,0.443,4,4,1.0,1,16,17,6,0,3,5,13,43,snellto01,2014
183,Marreese Speights,C,27,GSW,10,0,67,14,42,0.333,0,0,,14,42,0.333,0.333,9,15,0.6,8,13,21,4,4,3,4,14,37,speigma01,2014
184,Tiago Splitter,C,30,SAS,7,7,123,9,24,0.375,0,0,,9,24,0.375,0.375,6,19,0.316,13,18,31,9,4,1,7,17,24,splitti01,2014
185,Greg Stiemsma,C,29,TOR,1,0,2,2,2,1.0,0,0,,2,2,1.0,1.0,1,2,0.5,0,0,0,0,0,0,0,0,5,stiemgr01,2014
186,Amar'e Stoudemire,PF,32,DAL,5,0,75,15,35,0.429,0,0,,15,35,0.429,0.429,9,13,0.692,7,9,16,3,1,3,7,16,39,stoudam01,2014
187,Jared Sullinger,PF,22,BOS,4,0,80,21,38,0.553,3,9,0.333,18,29,0.621,0.592,4,7,0.571,9,19,28,1,0,3,5,12,49,sullija01,2014
188,Jeff Teague,PG,26,ATL,16,16,529,98,239,0.41,21,65,0.323,77,174,0.443,0.454,52,60,0.867,10,41,51,107,24,7,43,34,269,teaguje01,2014
189,Mirza Teletovi?,PF,29,BRK,3,0,16,0,5,0.0,0,4,0.0,0,1,0.0,0.0,0,0,,0,4,4,0,1,0,1,1,0,teletmi01,2014
190,Garrett Temple,SG,28,WAS,4,0,26,1,6,0.167,0,3,0.0,1,3,0.333,0.167,5,8,0.625,1,2,3,1,2,0,3,4,7,templga01,2014
191,Jason Terry,SG,37,HOU,17,17,487,57,134,0.425,29,82,0.354,28,52,0.538,0.534,13,16,0.813,6,32,38,48,15,2,20,46,156,terryja01,2014
192,Isaiah Thomas,PG,25,BOS,4,0,119,18,54,0.333,3,18,0.167,15,36,0.417,0.361,31,32,0.969,1,11,12,28,3,0,14,10,70,thomais02,2014
193,Klay Thompson,SG,24,GSW,21,21,761,149,334,0.446,57,146,0.39,92,188,0.489,0.531,36,45,0.8,9,72,81,54,16,19,41,64,391,thompkl01,2014
194,Tristan Thompson,PF,23,CLE,20,15,727,72,129,0.558,0,0,,72,129,0.558,0.558,48,82,0.585,88,128,216,9,5,24,15,50,192,thomptr01,2014
195,Hedo Türko?lu,SF,35,LAC,11,0,55,4,17,0.235,2,13,0.154,2,4,0.5,0.294,0,0,,1,6,7,4,4,1,2,10,10,turkohe01,2014
196,Evan Turner,SG,26,BOS,4,4,118,16,44,0.364,2,4,0.5,14,40,0.35,0.386,8,9,0.889,2,27,29,19,3,0,9,11,42,turneev01,2014
197,Ekpe Udoh,PF,27,LAC,4,0,12,1,3,0.333,0,0,,1,3,0.333,0.333,0,0,,0,3,3,0,0,0,0,3,2,udohek01,2014
198,Beno Udrih,PG,32,MEM,10,0,175,31,73,0.425,4,16,0.25,27,57,0.474,0.452,10,12,0.833,4,16,20,21,5,0,4,16,76,udrihbe01,2014
199,Jonas Valan?i?nas,C,22,TOR,4,4,106,19,38,0.5,0,0,,19,38,0.5,0.5,7,8,0.875,9,28,37,2,2,1,4,7,45,valanjo01,2014
200,Greivis Vásquez,PG,28,TOR,4,0,101,11,29,0.379,5,14,0.357,6,15,0.4,0.466,3,3,1.0,0,7,7,12,2,0,4,15,30,vasqugr01,2014
201,Charlie Villanueva,PF,30,DAL,5,0,43,11,25,0.44,8,19,0.421,3,6,0.5,0.6,0,0,,4,9,13,3,1,1,0,10,30,villach01,2014
202,John Wall,PG,24,WAS,7,7,273,43,110,0.391,3,17,0.176,40,93,0.43,0.405,33,39,0.846,5,28,33,83,10,10,27,13,122,walljo01,2014
203,Gerald Wallace,SF,32,BOS,1,0,4,0,1,0.0,0,0,,0,1,0.0,0.0,0,0,,0,1,1,0,0,0,0,0,0,wallage01,2014
204,Martell Webster,SF,28,WAS,1,0,4,1,2,0.5,0,1,0.0,1,1,1.0,0.5,0,0,,0,0,0,0,0,0,0,0,2,webstma02,2014
205,Deron Williams,PG,30,BRK,6,6,192,27,69,0.391,11,26,0.423,16,43,0.372,0.471,6,7,0.857,3,34,37,33,8,0,16,18,71,willide01,2014
206,Lou Williams,SG,28,TOR,4,0,102,16,51,0.314,4,21,0.19,12,30,0.4,0.353,15,18,0.833,2,5,7,5,6,0,3,9,51,willilo02,2014
207,Thaddeus Young,PF,26,BRK,6,6,190,29,66,0.439,0,4,0.0,29,62,0.468,0.439,5,12,0.417,17,26,43,16,5,1,14,15,63,youngth01,2014
208,Tyler Zeller,C,25,BOS,4,4,90,15,29,0.517,0,0,,15,29,0.517,0.517,4,5,0.8,2,16,18,2,2,1,4,5,34,zellety01,2014
